created_at,id_str,full_text,quote_count,reply_count,retweet_count,favorite_count,lang,user_id_str,conversation_id_str,username,tweet_url
Wed Nov 29 23:55:15 +0000 2023,1730012580595528120,"yang menegaskan agar anggota KORPRI Kemhan dapat terus berkontribusi, berprestasi dan berinovasi dalam mewujudkan Indonesia yang lebih baik dan maju.  #Prabowo #PrabowoSubianto #MenhanPrabowo #Herindra #WamenhanRI #Kemhan #KemhanRI #HUTKorpri2023",0,0,0,5,in,714719021816541184,1730012575465889999,Kemhan_RI,https://twitter.com/Kemhan_RI/status/1730012580595528120
Wed Nov 29 23:55:14 +0000 2023,1730012575465889999,"Momen Wamenhan, M. Herindra @herindra87, memimpin Upacara HUT ke-52 KORPRI, di Lapangan Bhinneka Tunggal Ika, Kemhan Jakarta (29/11).  Wamenhan M. Herindra membacakan Amanat Menteri Pertahanan Prabowo Subianto @prabowo, https://t.co/UN6DBPUbKI",0,1,5,27,in,714719021816541184,1730012575465889999,Kemhan_RI,https://twitter.com/Kemhan_RI/status/1730012575465889999
Wed Nov 29 23:55:10 +0000 2023,1730012558126682481,"Akhir pekan ini capres dan cawapres nomor urut dua, Prabowo Subianto dan Gibran Rakabuming Raka dikabarkan akan mulai berkampanye di sejumlah daerah. https://t.co/VpjCI5Ntgc",0,0,0,1,in,154102750,1730012558126682481,Beritasatu,https://twitter.com/Beritasatu/status/1730012558126682481
Wed Nov 29 23:50:41 +0000 2023,1730011427820454264,"Presiden Jokowi adalah seorang presiden, mentor , Guru , tauladan dan Bpk yg sangat baik rendah hati . Beliau bisa mengajarkan seorang Prabowo Subianto menjadi seorang yang humble . Jauh dari sosok Prabowo yg sebelum 2019 . Terima Kasih Pak @jokowi üôèüèº‚úåüèºü´∞üèº https://t.co/d0TkIoEKqa",0,0,0,0,in,1598344201409699841,1730011427820454264,TitaMar80993092,https://twitter.com/TitaMar80993092/status/1730011427820454264
Wed Nov 29 23:49:10 +0000 2023,1730011046113632550,@barubikinlol Ganjar Pranowo? Prabowo Subianto? Anis Baswedano? O semua ini saya rubah.,0,2,1,42,in,593490220,1729852949877137761,Goodwindology,https://twitter.com/Goodwindology/status/1730011046113632550
Wed Nov 29 23:46:44 +0000 2023,1730010434306977842,Sri Mulyani mengungkap isi pertemuan antara Presiden Joko Widodo (Jokowi) dan Menteri Pertahanan Prabowo Subianto di Istana Bogor pada Selasa (28/11). https://t.co/mXhR6BJNjj,2,11,7,41,in,69183155,1730010434306977842,detikcom,https://twitter.com/detikcom/status/1730010434306977842
Wed Nov 29 23:35:08 +0000 2023,1730007517206577450,"@DedynurPalakka @jokowi Cuma mengingatkan di surat suara pilpres tidak ada foto Jokowi. Yang ada Prabowo Subianto, Anis Baswedan dan Ganjar Pranowo, yang salah satunya menggantikan Jokowi. Setelah Oktober 2024 Jokowi pensiun dari presiden dan pulang ke Solo, menempati rumah hadiah negara'.",0,0,0,0,in,1589160626101764096,1729771749959426239,surosohariyamt3,https://twitter.com/surosohariyamt3/status/1730007517206577450
Wed Nov 29 23:30:38 +0000 2023,1730006384488648796,Jaringan sudah terstruktur dengan baik yaa  #PolriTidakNetral #Polri #PrabowoArogan #prabowosubianto #PrabowoGibranTakutDebat #PrabowoBukanPanutan #PrabowoGibran https://t.co/T7db460FfE,0,0,0,1,in,1615964192313606144,1730006384488648796,sejatidindaa,https://twitter.com/sejatidindaa/status/1730006384488648796
Wed Nov 29 23:30:22 +0000 2023,1730006315685347793,Keterlibatan Pratikno dalam operasi pengkondisian NU dan merah  #PolriTidakNetral #Polri #PrabowoArogan #prabowosubianto #PrabowoGibranTakutDebat #PrabowoBukanPanutan #PrabowoGibran https://t.co/kPcqJBWJrJ,0,0,0,1,in,1615964192313606144,1730006315685347793,sejatidindaa,https://twitter.com/sejatidindaa/status/1730006315685347793
Wed Nov 29 23:29:12 +0000 2023,1730006025024258141,Ternyata sudah terstruktur ya Polri  #PolriTidakNetral #Polri #PrabowoArogan #prabowosubianto #PrabowoGibranTakutDebat #PrabowoBukanPanutan #PrabowoGibran https://t.co/lOEd2h27Bm,0,0,0,1,in,1615964192313606144,1730006025024258141,sejatidindaa,https://twitter.com/sejatidindaa/status/1730006025024258141
Wed Nov 29 23:29:32 +0000 2023,1730006106762789310,Polri emang beda  #PolriTidakNetral #Polri #PrabowoArogan #prabowosubianto #PrabowoGibranTakutDebat #PrabowoBukanPanutan #PrabowoGibran https://t.co/bYaW3FdryC,0,0,0,1,in,1615964192313606144,1730006106762789310,sejatidindaa,https://twitter.com/sejatidindaa/status/1730006106762789310
Wed Nov 29 23:29:58 +0000 2023,1730006216083112261,Kompaknya Kapolri dan wakapolri sokong Gibran meresahkan tubuh Kepolisian  #PolriTidakNetral #Polri #PrabowoArogan #prabowosubianto #PrabowoGibranTakutDebat #PrabowoBukanPanutan #PrabowoGibran https://t.co/cPdedKFENn,0,0,0,1,in,1615964192313606144,1730006216083112261,sejatidindaa,https://twitter.com/sejatidindaa/status/1730006216083112261
Wed Nov 29 23:27:47 +0000 2023,1730005665496887795,Udah jelas salah malah mau menyangkal  #PrabowoArogan #prabowosubianto #PrabowoGibranTakutDebat #PrabowoBukanPanutan #PrabowoGibran https://t.co/fSdPOKN4zF,0,0,0,1,in,1615919266729193473,1730005665496887795,infovalidd,https://twitter.com/infovalidd/status/1730005665496887795
Wed Nov 29 23:26:15 +0000 2023,1730005279465693301,"Baliho Besar Gagasan Kecil, wkwkwkw  #PrabowoArogan #prabowosubianto #PrabowoGibranTakutDebat #PrabowoBukanPanutan #PrabowoGibran https://t.co/OxGqczxYGY",0,0,0,1,in,1615919266729193473,1730005279465693301,infovalidd,https://twitter.com/infovalidd/status/1730005279465693301
Wed Nov 29 23:24:21 +0000 2023,1730004804267573740,"Rayyanza Diajak Raffi Ahmad Ketemu Prabowo Subianto, Netizen: Apakah Gibran Akan Digantikan Cipung? https://t.co/dHzUgzY6JH",0,0,0,0,in,1349806712,1730004804267573740,nurasmi69,https://twitter.com/nurasmi69/status/1730004804267573740
Wed Nov 29 23:21:24 +0000 2023,1730004061460791336,Banyak Netizen yang menilai Prabowo - GIbran maju capres cawapres tapi minim gagasan  #PrabowoArogan #prabowosubianto #PrabowoGibranTakutDebat #PrabowoBukanPanutan #PrabowoGibran https://t.co/XUk1m7XuKZ,0,0,0,1,in,1615919266729193473,1730004061460791336,infovalidd,https://twitter.com/infovalidd/status/1730004061460791336
Wed Nov 29 23:20:41 +0000 2023,1730003878131970490,"wkwkwk wajar sering tidak nyambung umurnya udah tua, tidak cocok dipilih  #PrabowoArogan #prabowosubianto #PrabowoGibranTakutDebat #PrabowoBukanPanutan #PrabowoGibran https://t.co/CmzS22Lzhj",0,0,0,2,in,1615919266729193473,1730003878131970490,infovalidd,https://twitter.com/infovalidd/status/1730003878131970490
Wed Nov 29 23:20:03 +0000 2023,1730003719331397700,Rakyat Paham mana yang tulus mana rakus  #PrabowoArogan #prabowosubianto #PrabowoGibranTakutDebat #PrabowoBukanPanutan #PrabowoGibran https://t.co/ftlmcYBnPO,0,0,0,1,in,1615919266729193473,1730003719331397700,infovalidd,https://twitter.com/infovalidd/status/1730003719331397700
Wed Nov 29 22:53:16 +0000 2023,1729996981492486216,@zy_zy_its_me @adri_7i Prabowo Subianto BUKAN AKI AKI  ? SUDAH AKI AKI JADI IDOLAMU ü§Æ,1,4,0,1,in,1629815240790773760,1729868053201252726,1973Suharjito,https://twitter.com/1973Suharjito/status/1729996981492486216
Wed Nov 29 22:11:42 +0000 2023,1729986518704590915,"Sekjen Partai Gerindra Ahmad Muzani menegaskan, proses pencapresan  Prabowo Subianto tidak dilakukan secara instan. Ia mengatakan, Prabowo merupakan sosok pemimpin yang matang dan kaya  pengalaman. &lt  #Prabowo #Gerindra   https://t.co/2kaOoujsmS",5,51,1,10,in,23343960,1729986518704590915,kompascom,https://twitter.com/kompascom/status/1729986518704590915
Wed Nov 29 22:09:06 +0000 2023,1729985865697681425,"Ketua TKN Prabowo Subianto-Gibran Rakabuming Raka, Rosan Perkasa  Roeslani memastikan Prabowo dan Presiden Jokowi tidak  berbicara mengenai politik saat bertemu di Istana Kepresidenan Bogor,  Jawa Barat,  Selasa (28/11/2023) kemarin. &lt  #Prabowo #Jokowi   https://t.co/vkKjTHvBXX",0,3,0,0,in,23343960,1729985865697681425,kompascom,https://twitter.com/kompascom/status/1729985865697681425
Wed Nov 29 22:07:56 +0000 2023,1729985571014213740,"Juru bicara TKN pasangan capres dan cawapres nomor urut 2,  Prabowo Subianto-Gibran Rakabuming, Dedek Prayudi mengatakan, narasi politik ‚Äúgemoy‚Äù dipakai untuk menggaet milenial dan gen Z. &lt  #Prabowo #Gibran #PrabowoGibran #Pemilu2024KCM #JernihMemilih  https://t.co/wAUyuhpJTt",0,5,0,0,in,23343960,1729985571014213740,kompascom,https://twitter.com/kompascom/status/1729985571014213740
Wed Nov 29 22:07:09 +0000 2023,1729985372501971034,"Prabowo Subianto TELAH MELAKUKAN PELANGGARAN HAM BERAT ...dan dipecat (dipaksa pensiun dini) dari TNI (SK DKP)..!! SBY , sebagai anggota DKP ikut tanda tangan ...tapi sekarang PLIN PLAN ,ingin cari kekuasaan, ..SBY malah mendukung Prabowo... BOTOL dan KOPLAK...!! https://t.co/jtFhqNCUDY",0,0,1,0,in,1583805020910551042,1729985372501971034,AsharIbnu,https://twitter.com/AsharIbnu/status/1729985372501971034
Wed Nov 29 22:05:34 +0000 2023,1729984977943818417,Prabowo Subianto Diprediksi Menang Pilpres 2024 Gara-gara Fuji: Ada Uti Makin Komplit https://t.co/UIliVnrR9S,30,277,27,182,in,41730943,1729984977943818417,VIVAcoid,https://twitter.com/VIVAcoid/status/1729984977943818417
Wed Nov 29 21:42:44 +0000 2023,1729979231499608236,Pasangan Prabowo Subianto-Gibran Rakabuming Raka akan memaksimalkan kampanye di akhir pekan. #Polhuk #AdadiKompas   https://t.co/j374nlirXp,0,0,0,0,in,771030588,1729979231499608236,KompasData,https://twitter.com/KompasData/status/1729979231499608236
Wed Nov 29 21:40:04 +0000 2023,1729978560428093455,"Sukses Meremajakan C-130H, Kinerja GMF AeroAsia Diapresiasi Prabowo Subianto: Tujuh Hercules Juga Melakukan Upgrade &amp nbsp  https://t.co/8I543qlbTY",0,0,0,0,in,1219947729155047424,1729978560428093455,zonajakarta1,https://twitter.com/zonajakarta1/status/1729978560428093455
Wed Nov 29 21:38:11 +0000 2023,1729978086437818734,Pasangan Prabowo Subianto-Gibran Rakabuming Raka akan memaksimalkan kampanye di akhir pekan. #Polhuk #AdadiKompas   https://t.co/eD7IqkVBud,0,0,0,2,in,255866913,1729978086437818734,hariankompas,https://twitter.com/hariankompas/status/1729978086437818734
Wed Nov 29 21:35:17 +0000 2023,1729977355622584723,AHY pimpin Deklarasi Capres koalisi Indonesia Maju Prabowo Subianto. pqc  AgusYudhoyono PDemokrat DemokratS14P https://t.co/J3W7YDi2jM,0,0,0,0,in,763658966098403328,1729977355622584723,ayangmn,https://twitter.com/ayangmn/status/1729977355622584723
Wed Nov 29 21:35:10 +0000 2023,1729977323552915581,"AHY Deklarasikan Prabowo Subianto Sebagai Capres Hari Ini, semangat perubahan tetap diperjuangkan. zkk  PDemokrat AgusYudhoyono DemokratS14P https://t.co/928w3yizOD",0,0,0,0,in,763658966098403328,1729977323552915581,ayangmn,https://twitter.com/ayangmn/status/1729977323552915581
Wed Nov 29 21:34:42 +0000 2023,1729977208851374383,Mars Partai Demokrat bergema di kediaman bacapres Prabowo Subianto. Serdadu AHY S14P all out di pilpres dan pileg 2024! üí™. im`  PDemokrat AgusYudhoyono DemokratS14P https://t.co/L5bq40pVwi,0,0,0,0,in,763658966098403328,1729977208851374383,ayangmn,https://twitter.com/ayangmn/status/1729977208851374383
Wed Nov 29 21:34:20 +0000 2023,1729977117906227415,"Deklarasi Calon Presiden Koalisi Indonesia Maju, PRABOWO SUBIANTO. taz  AgusYudhoyono PDemokrat DemokratS14P https://t.co/4RBX35MWwu",0,0,0,0,in,763658966098403328,1729977117906227415,ayangmn,https://twitter.com/ayangmn/status/1729977117906227415
Wed Nov 29 21:34:05 +0000 2023,1729977053167157685,Mas AHY sudah berpamitan kepada mba Puan soal keputusan dukung Prabowo Subianto.. \t^  PDemokrat AgusYudhoyono DemokratS14P https://t.co/5og08arFkH,0,0,0,0,in,763658966098403328,1729977053167157685,ayangmn,https://twitter.com/ayangmn/status/1729977053167157685
Wed Nov 29 21:32:57 +0000 2023,1729976767685996827,AHY menginstruksikan kpd seluruh pimpinan DPD &amp  DPC Demokrat di 38 provinsi utk menyusun strategi bersama memenangkan Prabowo Subianto dlm Pilpres 2024.. pxx  AgusYudhoyono PDemokrat DemokratS14P https://t.co/ZJD1p1tasx,0,0,0,0,in,763658966098403328,1729976767685996827,ayangmn,https://twitter.com/ayangmn/status/1729976767685996827
Wed Nov 29 21:32:47 +0000 2023,1729976724996464694,Partai Demokrat resmi mendukung Prabowo Subianto sebagai calon presiden 2024. Ketum Demokrat AHY mengeluarkan instruksi untuk para kader Demokrat.. k_d  PDemokrat AgusYudhoyono DemokratS14P https://t.co/QbDp7wutfx,0,0,0,0,in,763658966098403328,1729976724996464694,ayangmn,https://twitter.com/ayangmn/status/1729976724996464694
Wed Nov 29 21:32:44 +0000 2023,1729976715173388738,"Ketum Partai Demokrat Agus Harimurti Yudhoyono (AHY) meminta para kadernya untuk memenangkan bacapres Koalisi Indonesia Maju (KIM), Prabowo Subianto.. z]w  AgusYudhoyono PDemokrat DemokratS14P https://t.co/dbLCKBYkUb",0,0,0,0,in,763658966098403328,1729976715173388738,ayangmn,https://twitter.com/ayangmn/status/1729976715173388738
Wed Nov 29 21:29:36 +0000 2023,1729975924882567660,AHY pimpin Deklarasi Capres koalisi Indonesia Maju Prabowo Subianto. pqc  AgusYudhoyono PDemokrat DemokratS14P https://t.co/whn7yl7HeD,0,0,0,0,in,2877262597,1729975924882567660,raninuran_,https://twitter.com/raninuran_/status/1729975924882567660
Wed Nov 29 21:29:30 +0000 2023,1729975901331640521,"AHY Deklarasikan Prabowo Subianto Sebagai Capres Hari Ini, semangat perubahan tetap diperjuangkan. zkk  PDemokrat AgusYudhoyono DemokratS14P https://t.co/DlS7pBmure",0,0,0,0,in,2877262597,1729975901331640521,raninuran_,https://twitter.com/raninuran_/status/1729975901331640521
Wed Nov 29 21:29:13 +0000 2023,1729975829101465689,Mars Partai Demokrat bergema di kediaman bacapres Prabowo Subianto. Serdadu AHY S14P all out di pilpres dan pileg 2024! üí™. im`  PDemokrat AgusYudhoyono DemokratS14P https://t.co/hWnJuf1xBU,0,0,0,0,in,2877262597,1729975829101465689,raninuran_,https://twitter.com/raninuran_/status/1729975829101465689
Wed Nov 29 21:29:04 +0000 2023,1729975791218475425,"Deklarasi Calon Presiden Koalisi Indonesia Maju, PRABOWO SUBIANTO. taz  AgusYudhoyono PDemokrat DemokratS14P https://t.co/x69jnJ2GQq",0,0,0,0,in,2877262597,1729975791218475425,raninuran_,https://twitter.com/raninuran_/status/1729975791218475425
Wed Nov 29 21:28:47 +0000 2023,1729975718418026634,Mas AHY sudah berpamitan kepada mba Puan soal keputusan dukung Prabowo Subianto.. \t^  PDemokrat AgusYudhoyono DemokratS14P https://t.co/a3T4lDEARE,0,0,0,0,in,2877262597,1729975718418026634,raninuran_,https://twitter.com/raninuran_/status/1729975718418026634
Wed Nov 29 21:27:48 +0000 2023,1729975471394480622,AHY menginstruksikan kpd seluruh pimpinan DPD &amp  DPC Demokrat di 38 provinsi utk menyusun strategi bersama memenangkan Prabowo Subianto dlm Pilpres 2024.. pxx  AgusYudhoyono PDemokrat DemokratS14P https://t.co/MSrJt19igo,0,0,0,0,in,2877262597,1729975471394480622,raninuran_,https://twitter.com/raninuran_/status/1729975471394480622
Wed Nov 29 21:27:46 +0000 2023,1729975463463014868,Partai Demokrat resmi mendukung Prabowo Subianto sebagai calon presiden 2024. Ketum Demokrat AHY mengeluarkan instruksi untuk para kader Demokrat.. k_d  PDemokrat AgusYudhoyono DemokratS14P https://t.co/Ju5Ka0X6gq,0,0,0,0,in,2877262597,1729975463463014868,raninuran_,https://twitter.com/raninuran_/status/1729975463463014868
Wed Nov 29 21:27:44 +0000 2023,1729975453476323519,"Ketum Partai Demokrat Agus Harimurti Yudhoyono (AHY) meminta para kadernya untuk memenangkan bacapres Koalisi Indonesia Maju (KIM), Prabowo Subianto.. z]w  AgusYudhoyono PDemokrat DemokratS14P https://t.co/OmPIHbfoBW",0,0,0,0,in,2877262597,1729975453476323519,raninuran_,https://twitter.com/raninuran_/status/1729975453476323519
Wed Nov 29 21:21:10 +0000 2023,1729973802518606068,"Tegas, Susi Pudjiastuti Tolak Bergabung dengan Partai Gerindra Besutan Prabowo Subianto - Wartakota https://t.co/Z2hfsCFnSV #Prabowo #BangkitBersama",0,0,0,0,in,465423257,1729973802518606068,haelamarie,https://twitter.com/haelamarie/status/1729973802518606068
Wed Nov 29 21:15:52 +0000 2023,1729972468264427713,AHY pimpin Deklarasi Capres koalisi Indonesia Maju Prabowo Subianto. pqc  AgusYudhoyono PDemokrat DemokratS14P https://t.co/em1QAuxlst,0,0,0,0,in,326270868,1729972468264427713,Sjoekuuuh,https://twitter.com/Sjoekuuuh/status/1729972468264427713
Wed Nov 29 21:15:45 +0000 2023,1729972437155193078,"AHY Deklarasikan Prabowo Subianto Sebagai Capres Hari Ini, semangat perubahan tetap diperjuangkan. zkk  PDemokrat AgusYudhoyono DemokratS14P https://t.co/JhrpYp0pGM",0,0,0,0,in,326270868,1729972437155193078,Sjoekuuuh,https://twitter.com/Sjoekuuuh/status/1729972437155193078
Wed Nov 29 21:15:21 +0000 2023,1729972340547805288,Mars Partai Demokrat bergema di kediaman bacapres Prabowo Subianto. Serdadu AHY S14P all out di pilpres dan pileg 2024! üí™. im`  PDemokrat AgusYudhoyono DemokratS14P https://t.co/Z04fZUkMRy,0,0,0,0,in,326270868,1729972340547805288,Sjoekuuuh,https://twitter.com/Sjoekuuuh/status/1729972340547805288
Wed Nov 29 21:15:13 +0000 2023,1729972305118507294,"Deklarasi Calon Presiden Koalisi Indonesia Maju, PRABOWO SUBIANTO. taz  AgusYudhoyono PDemokrat DemokratS14P https://t.co/rEnxXouR8v",0,0,0,0,in,326270868,1729972305118507294,Sjoekuuuh,https://twitter.com/Sjoekuuuh/status/1729972305118507294
Wed Nov 29 21:14:52 +0000 2023,1729972217587638641,Mas AHY sudah berpamitan kepada mba Puan soal keputusan dukung Prabowo Subianto.. \t^  PDemokrat AgusYudhoyono DemokratS14P https://t.co/qSqbCyhW9Q,0,0,0,0,in,326270868,1729972217587638641,Sjoekuuuh,https://twitter.com/Sjoekuuuh/status/1729972217587638641
Wed Nov 29 21:13:57 +0000 2023,1729971984715710964,AHY menginstruksikan kpd seluruh pimpinan DPD &amp  DPC Demokrat di 38 provinsi utk menyusun strategi bersama memenangkan Prabowo Subianto dlm Pilpres 2024.. pxx  AgusYudhoyono PDemokrat DemokratS14P https://t.co/4KLg9qWX46,0,0,0,0,in,326270868,1729971984715710964,Sjoekuuuh,https://twitter.com/Sjoekuuuh/status/1729971984715710964
Wed Nov 29 21:13:53 +0000 2023,1729971970941518260,Partai Demokrat resmi mendukung Prabowo Subianto sebagai calon presiden 2024. Ketum Demokrat AHY mengeluarkan instruksi untuk para kader Demokrat.. k_d  PDemokrat AgusYudhoyono DemokratS14P https://t.co/3JoFiStBbe,0,0,0,0,in,326270868,1729971970941518260,Sjoekuuuh,https://twitter.com/Sjoekuuuh/status/1729971970941518260
Wed Nov 29 21:13:50 +0000 2023,1729971957632995579,"Ketum Partai Demokrat Agus Harimurti Yudhoyono (AHY) meminta para kadernya untuk memenangkan bacapres Koalisi Indonesia Maju (KIM), Prabowo Subianto.. z]w  AgusYudhoyono PDemokrat DemokratS14P https://t.co/WwZNJ5gsnv",0,0,0,0,in,326270868,1729971957632995579,Sjoekuuuh,https://twitter.com/Sjoekuuuh/status/1729971957632995579
Wed Nov 29 21:02:25 +0000 2023,1729969082626380119,@hasyimmah Dron sodron si GEMOY  (GEMBROT &amp  LETOY) alias PRABOWO SUBIANTO tdk akn Menang slm msh ada org Jawa asli yg nyalon  Presiden .  Kecuali dlm keadaan darurat.,0,1,0,0,in,1713944739043811328,1729742804077944956,SuciptoHad53960,https://twitter.com/SuciptoHad53960/status/1729969082626380119
Wed Nov 29 20:18:12 +0000 2023,1729957955208921492,Wahlkampf in Indonesien gestartet - Wer folgt Pr√§sident Jokowi? 3 Kandidaten: Umfrage: ehem. General u Verteidigungsminister Prabowo Subianto (72): 40%  Ganjar Pranowo (Gouverneur Zentraljava): 28% Anies Baswedan: 24%  https://t.co/O6fbEAnWvE,0,0,0,1,de,1238447220,1729957955208921492,Milatrud11,https://twitter.com/Milatrud11/status/1729957955208921492
Wed Nov 29 19:21:19 +0000 2023,1729943639810568341,Pak Prabowo Subianto Rangkul SDM Putra Bangsa yang  berprestasi Kelas Dunia .. Salam Prabowo Subianto Presiden RI 2024 ..   #PrabowoGibranJuara2024 #rk08 #rkrijuara #JabarRumahPrabowo #JabarTetapPrabowo #JabarSolidPrabowo  Sembilan Partai All-in @prabowo @gibran_tweet https://t.co/0tCxs6Opyc,1,0,3,1,in,1531971112929615872,1729943639810568341,rkrijuara,https://twitter.com/rkrijuara/status/1729943639810568341
Wed Nov 29 19:05:40 +0000 2023,1729939700620915150,"Deklarasi Calon Presiden Koalisi Indonesia Maju, PRABOWO SUBIANTO. taz  AgusYudhoyono PDemokrat DemokratS14P https://t.co/6CHcTQxIgk",0,0,0,0,in,1493150581602467840,1729939700620915150,kariimm_4,https://twitter.com/kariimm_4/status/1729939700620915150
Wed Nov 29 18:55:03 +0000 2023,1729937028811518181,"Deklarasi Calon Presiden Koalisi Indonesia Maju, PRABOWO SUBIANTO. taz  AgusYudhoyono PDemokrat DemokratS14P https://t.co/b12hOnKPDt",0,0,0,0,in,69874051,1729937028811518181,setiawann_24,https://twitter.com/setiawann_24/status/1729937028811518181
Wed Nov 29 18:51:09 +0000 2023,1729936049642836017,Napro 08 siap bergerak menangkan Prabowo Subianto - ANTARA https://t.co/xO33Gojl73 #BersamaIndonesiaMaju #PrabowoGemoy #KodeKita08Gemoy,0,0,10,0,in,4579831158,1729936049642836017,ChairudinN6548,https://twitter.com/ChairudinN6548/status/1729936049642836017
Wed Nov 29 18:48:10 +0000 2023,1729935297381855658,"Deklarasi Calon Presiden Koalisi Indonesia Maju, PRABOWO SUBIANTO. taz  AgusYudhoyono PDemokrat DemokratS14P https://t.co/hCaldL1uM4",0,0,0,0,in,69891770,1729935297381855658,nadianurulazmii,https://twitter.com/nadianurulazmii/status/1729935297381855658
Wed Nov 29 18:43:44 +0000 2023,1729934182078673278,AHY pimpin Deklarasi Capres koalisi Indonesia Maju Prabowo Subianto. pqc  AgusYudhoyono PDemokrat DemokratS14P https://t.co/MYlUbIRSkk,0,0,0,0,in,1378473318,1729934182078673278,samueleto78,https://twitter.com/samueleto78/status/1729934182078673278
Wed Nov 29 18:43:41 +0000 2023,1729934171240591417,"AHY Deklarasikan Prabowo Subianto Sebagai Capres Hari Ini, semangat perubahan tetap diperjuangkan. zkk  PDemokrat AgusYudhoyono DemokratS14P https://t.co/ewT4rQmGSd",0,0,0,0,in,1378473318,1729934171240591417,samueleto78,https://twitter.com/samueleto78/status/1729934171240591417
Wed Nov 29 18:43:18 +0000 2023,1729934074528329947,Mars Partai Demokrat bergema di kediaman bacapres Prabowo Subianto. Serdadu AHY S14P all out di pilpres dan pileg 2024! üí™. im`  PDemokrat AgusYudhoyono DemokratS14P https://t.co/n5MneCU1qv,0,0,0,0,in,1378473318,1729934074528329947,samueleto78,https://twitter.com/samueleto78/status/1729934074528329947
Wed Nov 29 18:43:12 +0000 2023,1729934047214997582,"Deklarasi Calon Presiden Koalisi Indonesia Maju, PRABOWO SUBIANTO. taz  AgusYudhoyono PDemokrat DemokratS14P https://t.co/U3kUFLr2f0",0,0,0,0,in,1378473318,1729934047214997582,samueleto78,https://twitter.com/samueleto78/status/1729934047214997582
Wed Nov 29 18:42:53 +0000 2023,1729933968617959710,Mas AHY sudah berpamitan kepada mba Puan soal keputusan dukung Prabowo Subianto.. \t^  PDemokrat AgusYudhoyono DemokratS14P https://t.co/J28OunKEBS,0,0,0,0,in,1378473318,1729933968617959710,samueleto78,https://twitter.com/samueleto78/status/1729933968617959710
Wed Nov 29 18:14:56 +0000 2023,1729926933146956016,@theo12_ini PRABOWO SUBIANTO,0,1,0,1,pl,1702935093701201920,1729925957979664726,BeyondTheJoker,https://twitter.com/BeyondTheJoker/status/1729926933146956016
Wed Nov 29 18:41:56 +0000 2023,1729933727973961946,Partai Demokrat resmi mendukung Prabowo Subianto sebagai calon presiden 2024. Ketum Demokrat AHY mengeluarkan instruksi untuk para kader Demokrat.. k_d  PDemokrat AgusYudhoyono DemokratS14P https://t.co/SyZdBJPhv4,0,0,0,0,in,1378473318,1729933727973961946,samueleto78,https://twitter.com/samueleto78/status/1729933727973961946
Wed Nov 29 18:41:51 +0000 2023,1729933710869590122,"Ketum Partai Demokrat Agus Harimurti Yudhoyono (AHY) meminta para kadernya untuk memenangkan bacapres Koalisi Indonesia Maju (KIM), Prabowo Subianto.. z]w  AgusYudhoyono PDemokrat DemokratS14P https://t.co/NXlBC0AbSB",0,0,0,0,in,1378473318,1729933710869590122,samueleto78,https://twitter.com/samueleto78/status/1729933710869590122
Wed Nov 29 18:28:44 +0000 2023,1729930406072611170,"Capres no.urut 2 Prabowo Subianto dicecar habis¬≤an oleh National Corruption Watch"" üò¢üò¢  Apa gak bahaya tah!! https://t.co/P2B0q3dczd""",9,14,164,403,in,1186243531037270017,1729930406072611170,msobri99,https://twitter.com/msobri99/status/1729930406072611170
Wed Nov 29 18:24:07 +0000 2023,1729929245953290351,"Serikat Pekerja Nusantara Dukung Prabowo Subianto di Pilpres 2024, Siap Ikut Memenangkan https://t.co/NxMoX2ziNj",0,4,1,2,in,41730943,1729929245953290351,VIVAcoid,https://twitter.com/VIVAcoid/status/1729929245953290351
Wed Nov 29 18:41:58 +0000 2023,1729933738048655587,AHY menginstruksikan kpd seluruh pimpinan DPD &amp  DPC Demokrat di 38 provinsi utk menyusun strategi bersama memenangkan Prabowo Subianto dlm Pilpres 2024.. pxx  AgusYudhoyono PDemokrat DemokratS14P https://t.co/dq22FLYUtI,0,0,0,0,in,1378473318,1729933738048655587,samueleto78,https://twitter.com/samueleto78/status/1729933738048655587
Wed Nov 29 18:14:08 +0000 2023,1729926735792345406,@siregar_elang Apa yang diharapkan dari Prabowo Subianto... TNI sudah PECAT dia artinya sudah tak dibutuhkan... lantas ada yang ingin dia jadi panglima tertinggi di Indonesia...olala... sudah tidak ada lagi kah rakyat di negeri sebesar ini...????,0,0,0,0,in,1656204151590883328,1729310357582479617,CMediio63787,https://twitter.com/CMediio63787/status/1729926735792345406
Wed Nov 29 17:36:58 +0000 2023,1729917379025760741,@dsvwaikdjns @tvOneNews Kejujuran Pak Prabowo Subianto adalah landasan kuat yang membedakannya sebagai pemimpin yang dapat diandalkan dan dapat dipercaya.,0,0,0,0,in,2388963246,1729652211435860474,Gojokaisen86,https://twitter.com/Gojokaisen86/status/1729917379025760741
Wed Nov 29 17:33:33 +0000 2023,1729916521714192423,Sri Mulyani: Pinjaman Luar Negeri (UTANG) Kementerian Prabowo Tembus Rp385 Triliun.  https://t.co/wBuIumeO4F  Menteri Keuangan Sri Mulyani mengungkapkan HASIL RAPAT bersama Menhan Prabowo Subianto terkait BELANJA Alat Utama Sistem Pertahanan (ALUTSISTA) dari PINJAMAN LUAR NEGERI. https://t.co/8rEVFD8qhM,0,1,0,0,in,4517167514,1729916521714192423,sirajapadoha,https://twitter.com/sirajapadoha/status/1729916521714192423
Wed Nov 29 17:33:21 +0000 2023,1729916468585005182,"@hddfsysgdcoghu @habiburokhman @prabowo @gibran_tweet Dalam memilih pemimpin, kejujuran adalah kualitas yang tak ternilai, dan saya yakin bahwa Pak Prabowo Subianto adalah sosok yang memenuhi kriteria tersebut.",0,0,0,0,in,707639560843468800,1729705301106913318,dsvwaikdjns,https://twitter.com/dsvwaikdjns/status/1729916468585005182
Wed Nov 29 17:31:08 +0000 2023,1729915914420941148,"@hddfsysgdcoghu @ajengcute16__ Pilihannya untuk Pak Prabowo Subianto adalah pilihan untuk memiliki pemimpin yang jujur dan tulus, yang diharapkan membawa integritas dan kejujuran dalam kepemimpinan.",0,1,0,0,in,707639560843468800,1729821879903375505,dsvwaikdjns,https://twitter.com/dsvwaikdjns/status/1729915914420941148
Wed Nov 29 17:29:49 +0000 2023,1729915580780835287,Mana nih yang belum gabung ke barisan Pak @prabowo ?  #prabowosubianto #GibranRakabuming #prabowopresiden #PrabowoGibran2024 #indonesia #indonesian #viral #fyp #politik #ganjarpranowo #aniesbaswedan #pinterpolitik https://t.co/QTuDH4qkv1,3,21,19,47,in,1579126996537290752,1729915580780835287,mypresidentid,https://twitter.com/mypresidentid/status/1729915580780835287
Wed Nov 29 17:29:10 +0000 2023,1729915416355705123,@ruyasagit900 @RcyberProj0 @prabowo @gibran_tweet @Projo_Pusat Saya semakin yakin bahwa memilih Pak Prabowo Subianto adalah langkah cerdas untuk membawa Indonesia ke tingkat kejayaan yang baru dan lebih baik.,0,0,0,0,in,2170027031,1729652171434541424,kingslandsjay,https://twitter.com/kingslandsjay/status/1729915416355705123
Wed Nov 29 17:28:11 +0000 2023,1729915171257380927,"Prabowo Cinta Rakyat Prabowo Subianto Sumringah Dapat Dukungang Langsung oleh Dua Presiden, Termotivasi Menang di Pilpres - https://t.co/2aLVkgOAqp https://t.co/iVMbNlgMe8 #BersamaIndonesiaMaju #PrabowoGemoy #KodeKita08Gemoy",0,0,8,0,in,814012104768307201,1729915171257380927,RondangKomariah,https://twitter.com/RondangKomariah/status/1729915171257380927
Wed Nov 29 17:23:44 +0000 2023,1729914052191907910,@Gojokaisen86 @tvOneNews Saya semakin yakin bahwa Pak Prabowo Subianto adalah sosok yang memiliki kepekaan terhadap berbagai isu sosial dan ekonomi yang dihadapi oleh masyarakat Indonesia.,0,0,0,0,in,4153801512,1729652211435860474,mirashahabudin,https://twitter.com/mirashahabudin/status/1729914052191907910
Wed Nov 29 17:22:18 +0000 2023,1729913691678871690,"@Gojokaisen86 @Chaves1305 Setiap kali saya mendalami visi dan misi Pak Prabowo Subianto, semakin kuat keyakinan saya bahwa beliau adalah pemimpin yang memiliki pandangan jauh ke depan.",1,0,0,0,in,4153801512,1729796437863518249,mirashahabudin,https://twitter.com/mirashahabudin/status/1729913691678871690
Wed Nov 29 17:21:16 +0000 2023,1729913427743928498,Budiman Sudjatmiko nyatakan dukungan pada Prabowo Subianto ... - ANTARA https://t.co/5eUxBb88yl #BersamaIndonesiaMaju #PrabowoGemoy #KodeKita08Gemoy,0,0,10,0,in,797615281455525888,1729913427743928498,AzzrielAzaryahu,https://twitter.com/AzzrielAzaryahu/status/1729913427743928498
Wed Nov 29 17:21:15 +0000 2023,1729913427127366076,Budiman Sudjatmiko nyatakan dukungan pada Prabowo Subianto ... - ANTARA https://t.co/WkscP4NgZU #BersamaIndonesiaMaju #PrabowoGemoy #KodeKita08Gemoy,0,0,10,0,in,4579831158,1729913427127366076,ChairudinN6548,https://twitter.com/ChairudinN6548/status/1729913427127366076
Wed Nov 29 17:21:15 +0000 2023,1729913425281871905,Budiman Sudjatmiko nyatakan dukungan pada Prabowo Subianto ... - ANTARA https://t.co/XhI7hOxE6U #BersamaIndonesiaMaju #PrabowoGemoy #KodeKita08Gemoy,0,0,10,0,in,795445014864203777,1729913425281871905,AzhareAkiba,https://twitter.com/AzhareAkiba/status/1729913425281871905
Wed Nov 29 17:20:54 +0000 2023,1729913338363310372,"@Gojokaisen86 @ajengcute16__ Semakin saya mendalami visi dan misi Pak Prabowo Subianto, semakin yakin bahwa beliau memiliki komitmen yang kuat untuk membawa Indonesia ke arah yang lebih baik.",0,0,0,0,in,4153801512,1729821879903375505,mirashahabudin,https://twitter.com/mirashahabudin/status/1729913338363310372
Wed Nov 29 17:17:37 +0000 2023,1729912510743245236,@RcyberProj0 @prabowo @gibran_tweet @Projo_Pusat Semoga dukungan kita terhadap Pak Prabowo Subianto dapat memberikan inspirasi bagi masyarakat untuk tetap bersatu dan menjaga persatuan dalam perbedaan.,0,0,0,0,in,4153801512,1729652171434541424,mirashahabudin,https://twitter.com/mirashahabudin/status/1729912510743245236
Wed Nov 29 17:10:05 +0000 2023,1729910615807005061,@DaengWahidin2 Biarkan rakyat memilih pilihannya yang jelas aku pilih Prabowo Subianto aja oke,0,0,0,0,in,1675018752772149249,1729364216082231802,KangAnom377663,https://twitter.com/KangAnom377663/status/1729910615807005061
Wed Nov 29 17:08:35 +0000 2023,1729910239070449982,"@tvOneNews Dalam mendukung Pak Prabowo Subianto, saya mengajak semua pihak untuk menghormati perbedaan pendapat dan membangun dialog yang konstruktif.",0,0,0,0,in,2170027031,1729652211435860474,kingslandsjay,https://twitter.com/kingslandsjay/status/1729910239070449982
Wed Nov 29 17:08:06 +0000 2023,1729910116856820046,"Tiba-tiba Hentikan Langkah Prabowo Subianto, Aksi Ajudan Ganteng Ini Bikin Heboh - https://t.co/BwJCocZuOd https://t.co/UETxOatZAb #Prabowo #PrabowoUnggul",0,0,0,0,in,1110932693426954240,1729910116856820046,fathw25,https://twitter.com/fathw25/status/1729910116856820046
Wed Nov 29 17:06:10 +0000 2023,1729909631127056760,"Menhan Prabowo Subianto Hadiri Pelantikan KSAD Maruli Simanjuntak: Jakarta ‚Äì Menteri Pertahanan Prabowo Subianto menghadiri pelantikan Kepala Staf Angkatan Darat (KASAD) di Istana Negara, Jakarta, Rabu (29/11). Presiden Joko Widodo‚Ä¶ https://t.co/mHUItX9YYF via @kabar_tangsel",0,0,0,0,in,1115363858,1729909631127056760,tangselupdates,https://twitter.com/tangselupdates/status/1729909631127056760
Wed Nov 29 17:06:07 +0000 2023,1729909617612984495,@ajengcute16__ Dukungan saya untuk Pak Prabowo Subianto adalah hasil dari keyakinan saya akan visi dan komitmen beliau untuk membawa perubahan positif di Indonesia.,0,7,0,0,in,2170027031,1729821879903375505,kingslandsjay,https://twitter.com/kingslandsjay/status/1729909617612984495
Wed Nov 29 16:56:57 +0000 2023,1729907310036972000,Semua akan all in pak Prabowo Subianto pada waktunya ‚ò∫ #Allinprabowo #PrabowoGibranIstimewa,0,0,0,0,in,780718575271055360,1729907310036972000,hddfsysgdcoghu,https://twitter.com/hddfsysgdcoghu/status/1729907310036972000
Wed Nov 29 16:53:00 +0000 2023,1729906315638796643,"@ajengcute16__ Semakin banyak anak muda yang memilih Pak Prabowo Subianto sebagai calon presidennya, semakin terasa semangat perubahan yang diinginkan generasi muda untuk masa depan Indonesia.",0,5,0,2,in,780718575271055360,1729821879903375505,hddfsysgdcoghu,https://twitter.com/hddfsysgdcoghu/status/1729906315638796643
Wed Nov 29 16:49:30 +0000 2023,1729905433685692855,"Dari APBN Gak Cukup, Menhan Prabowo  Utang ke Luar Negri Rp. 385 Triliun  //.. Sri Mulyani: Pinjaman Luar Negeri Kementerian Prabowo Tembus Rp385 Triliun Menkeu Sri Mulyani buka suara soal pinjaman luar negeri Kementerian Pertahanan yang dipimpin Prabowo Subianto. https://t.co/mvbn0p9QpA",0,2,2,1,in,1319684366591639552,1729905433685692855,DahonoB,https://twitter.com/DahonoB/status/1729905433685692855
Wed Nov 29 16:49:25 +0000 2023,1729905414412890420,"Bersama Indonesia Maju, @prabowo - @gibran_tweet satu putaran üíõ  #airlanggahartarto #prabowosubianto #gibranrakabumingraka  #golkarprabowo #gerindra #DUAsejolipaketkomplet https://t.co/yoo20na3Vm",0,0,0,0,in,1412673973129646084,1729905414412890420,g_politik2024,https://twitter.com/g_politik2024/status/1729905414412890420
Wed Nov 29 16:46:09 +0000 2023,1729904592899707166,@RcyberProj0 @prabowo @gibran_tweet @Projo_Pusat Saya yakin bahwa mendukung Pak Prabowo Subianto adalah langkah yang tepat untuk menciptakan perubahan positif yang kita inginkan dalam perjalanan menuju masa depan Indonesia yang lebih baik.,0,1,0,1,in,983772276222029825,1729652171434541424,ruyasagit900,https://twitter.com/ruyasagit900/status/1729904592899707166
Wed Nov 29 16:44:35 +0000 2023,1729904198043758664,@tvOneNews Saya yakin bahwa Pak Prabowo Subianto adalah pemimpin yang memiliki pandangan jauh ke depan dan mampu menghadirkan solusi inovatif untuk masalah-masalah yang kompleks,0,2,0,1,in,983772276222029825,1729652211435860474,ruyasagit900,https://twitter.com/ruyasagit900/status/1729904198043758664
Wed Nov 29 16:39:19 +0000 2023,1729902870659764680,"@RcyberProj0 @prabowo @gibran_tweet @Projo_Pusat Saya semakin percaya bahwa Pak Prabowo Subianto adalah pemimpin yang memiliki integritas tinggi, dan kesetiaan beliau terhadap nilai-nilai moral adalah nilai tambah yang luar biasa.",0,3,0,1,in,2388963246,1729652171434541424,Gojokaisen86,https://twitter.com/Gojokaisen86/status/1729902870659764680
Wed Nov 29 16:38:35 +0000 2023,1729902689310679408,Semangat capres 2024 KIM Prabowo Subianto tidak pernah padam untuk Indonesia üî• @prabowo @Gibran_rakabuming @Gerindra Gerindrajateng #gerindrajateng #kim #gerindrajawatengah #gerindrakotasemarang https://t.co/b5ZkYvxWJn,0,0,0,0,in,1610207637513318404,1729902689310679408,gerindrakotasmg,https://twitter.com/gerindrakotasmg/status/1729902689310679408
Wed Nov 29 16:36:39 +0000 2023,1729902201982849523,"@Leonita_Lestari PDI-P no. 3 , Ganjar Mahfud no. 3, PS  kalah 3 x. Tanda tanda alam semesta mendukung Prabowo Subianto melakukan hattrick kekalahan",0,0,0,0,in,1491438677674717186,1729745613947060471,Krisna0902022,https://twitter.com/Krisna0902022/status/1729902201982849523
Wed Nov 29 16:34:14 +0000 2023,1729901591921332734,"@ajengcute16__ Semakin saya memahami visi dan misi Pak Prabowo Subianto, semakin yakin bahwa beliau memiliki rencana konkret untuk memajukan Indonesia ke arah yang lebih baik.",0,8,0,2,in,2388963246,1729821879903375505,Gojokaisen86,https://twitter.com/Gojokaisen86/status/1729901591921332734
Wed Nov 29 21:21:27 +0000 2023,1729973875046482407,"Deklarasi Calon Presiden Koalisi Indonesia Maju, PRABOWO SUBIANTO. taz  AgusYudhoyono PDemokrat DemokratS14P https://t.co/ykGOW4vGsS",0,0,0,0,in,2757822406,1729973875046482407,deriskyafriza,https://twitter.com/deriskyafriza/status/1729973875046482407
Wed Nov 29 20:31:37 +0000 2023,1729961333096108096,"@ChrisJ_2211 @Gus_Raharjo @PDI_Perjuangan @adearmando61 2019 Prabowo Subianto dapat award kebohongan terlebay dari PSI, 2024 PSI akan dapat penghargaan dari Rakyat Partai paling Menggibrani....!!!",0,1,0,1,in,1717967580336721920,1729454331379040575,Melly4505483263,https://twitter.com/Melly4505483263/status/1729961333096108096
Wed Nov 29 19:29:55 +0000 2023,1729945805107425495,Pemimpin zalim sudah merusak demokrasi yang masih seumur jagung  #gibran #prabowosubianto #neoorba #anies  #dinastipolitikjokowi #jokowi #kamimuak #cawapresboneka https://t.co/wtjPo0mYQx,0,0,0,0,in,1710266831326621697,1729945805107425495,inumalica,https://twitter.com/inumalica/status/1729945805107425495
Wed Nov 29 18:08:21 +0000 2023,1729925278133350703,Kekecewaan mahasiswa atas ketidakpahaman Jokowi terhadap demokrasi dan konstitusi  #gibran #prabowosubianto #neoorba #anies  #dinastipolitikjokowi #jokowi #kamimuak #cawapresboneka  || Yati Sukabumi Daesang Sebong Radja Nainggolan ROTY Niki KEREN BHT Sehun Tandanya|| https://t.co/4MI3MSN70a,0,0,0,229,in,1710266831326621697,1729925278133350703,inumalica,https://twitter.com/inumalica/status/1729925278133350703
Wed Nov 29 18:04:59 +0000 2023,1729924432813289928,Jokowi dan kelompok yang telah merusak demokrasi harus taat konstitusi  #gibran #prabowosubianto #neoorba #anies  #dinastipolitikjokowi #jokowi #kamimuak #cawapresboneka  || Yati Sukabumi Daesang Sebong Radja Nainggolan ROTY Niki KEREN BHT Sehun Tandanya|| https://t.co/L25Zlx2PCj,0,0,0,0,in,1710266831326621697,1729924432813289928,inumalica,https://twitter.com/inumalica/status/1729924432813289928
Wed Nov 29 17:59:42 +0000 2023,1729923100798808155,Aksi mahasiswa yang peduli terhadap demokrasi dan benci terhadap nepotisme  #gibran #prabowosubianto #neoorba #anies  #dinastipolitikjokowi #jokowi #kamimuak #cawapresboneka  || Yati Sukabumi Daesang Sebong Radja Nainggolan ROTY Niki KEREN BHT Sehun Tandanya|| https://t.co/MzIDdKKptU,0,0,0,0,in,1710266831326621697,1729923100798808155,inumalica,https://twitter.com/inumalica/status/1729923100798808155
Wed Nov 29 17:50:01 +0000 2023,1729920665439105138,Gerakan mahasiswa untuk mencegah demokrasi semakin hancur  #gibran #prabowosubianto #neoorba #anies  #dinastipolitikjokowi #jokowi #kamimuak #cawapresboneka  || Yati Sukabumi Daesang Sebong Radja Nainggolan ROTY Niki KEREN BHT Sehun Tandanya|| https://t.co/F8hzMXQT8U,0,0,0,0,in,1710258220605022208,1729920665439105138,f4jar_mjaya,https://twitter.com/f4jar_mjaya/status/1729920665439105138
